,year,candidate,state,amount_spent,vote_share,cost_per_vote_share,party,party_partition,party_dummy
0,1980,anderson_80,OH,900.0,5.94,151.5151515151515,Independent,Third,2
1,1980,anderson_80,DC,538994.0,9.28,58081.25000000001,Independent,Third,2
2,1980,anderson_80,CA,6005.0,8.62,696.6357308584687,Independent,Third,2
3,1980,anderson_80,OR,765.0,9.51,80.4416403785489,Independent,Third,2
4,1980,anderson_80,MA,875.0,15.15,57.755775577557756,Independent,Third,2
5,1980,anderson_80,NV,70.0,7.12,9.831460674157304,Independent,Third,2
6,1980,anderson_80,WA,365.0,10.62,34.36911487758945,Independent,Third,2
7,1980,anderson_80,LA,20.0,1.7,11.764705882352942,Independent,Third,2
8,1980,anderson_80,TX,1100.0,2.46,447.1544715447155,Independent,Third,2
9,1980,anderson_80,IN,70.0,4.98,14.056224899598392,Independent,Third,2
10,1980,anderson_80,NY,2490.0,7.54,330.2387267904509,Independent,Third,2
11,1980,anderson_80,MI,170.0,7.04,24.147727272727273,Independent,Third,2
12,1980,anderson_80,VT,175.0,14.9,11.74496644295302,Independent,Third,2
13,1980,anderson_80,NH,850.0,12.94,65.68778979907265,Independent,Third,2
14,1980,anderson_80,VA,475.0,5.11,92.95499021526419,Independent,Third,2
15,1980,anderson_80,FL,655.0,5.14,127.431906614786,Independent,Third,2
16,1980,anderson_80,ME,180.0,10.2,17.647058823529413,Independent,Third,2
17,1980,anderson_80,MO,325.0,3.71,87.6010781671159,Independent,Third,2
18,1980,anderson_80,WY,10.0,6.83,1.4641288433382138,Independent,Third,2
19,1980,anderson_80,NJ,965.0,7.88,122.46192893401016,Independent,Third,2
20,1980,anderson_80,PA,820.0,6.42,127.72585669781931,Independent,Third,2
21,1980,anderson_80,MN,750.0,8.53,87.92497069167645,Independent,Third,2
22,1980,anderson_80,ND,25.0,7.84,3.188775510204082,Independent,Third,2
23,1980,anderson_80,WV,25.0,4.3,5.813953488372094,Independent,Third,2
24,1980,anderson_80,KS,145.0,6.96,20.833333333333332,Independent,Third,2
25,1980,anderson_80,CT,1270.0,12.22,103.9279869067103,Independent,Third,2
26,1980,anderson_80,AZ,75.0,8.81,8.51305334846765,Independent,Third,2
27,1980,anderson_80,MD,1235.0,7.76,159.14948453608247,Independent,Third,2
28,1980,anderson_80,MS,250.0,1.35,185.18518518518516,Independent,Third,2
29,1980,anderson_80,WI,655.0,7.07,92.64497878359263,Independent,Third,2
30,1980,anderson_80,GA,50.0,2.26,22.123893805309738,Independent,Third,2
31,1980,anderson_80,IL,160.0,7.3,21.91780821917808,Independent,Third,2
32,1980,anderson_80,AL,1000.0,1.23,813.0081300813008,Independent,Third,2
33,1980,anderson_80,CO,115.0,11.03,10.426110607434271,Independent,Third,2
34,1980,anderson_80,RI,100.0,14.38,6.954102920723226,Independent,Third,2
35,1980,anderson_80,UT,100.0,5.01,19.960079840319363,Independent,Third,2
36,1980,anderson_80,IA,50.0,8.78,5.694760820045558,Independent,Third,2
52,1980,carter_80,DC,10077.0,13.41,751.4541387024608,Democratic,Democratic,0
58,1980,carter_80,LA,1500.0,51.2,29.296875,Democratic,Democratic,0
66,1980,carter_80,FL,1970.0,55.52,35.482708933717575,Democratic,Democratic,0
88,1980,carter_80,TN,3815.0,48.7,78.33675564681724,Democratic,Democratic,0
103,1980,clark_80,DC,10000.0,0.63,15873.015873015873,Libertarian,Third,2
104,1980,clark_80,CA,790.0,1.73,456.64739884393066,Libertarian,Third,2
112,1980,clark_80,NY,1400.0,0.85,1647.0588235294117,Libertarian,Third,2
116,1980,clark_80,VA,200.0,0.69,289.8550724637681,Libertarian,Third,2
118,1980,clark_80,ME,300.0,0.98,306.12244897959187,Libertarian,Third,2
122,1980,clark_80,PA,300.0,0.73,410.95890410958907,Libertarian,Third,2
123,1980,clark_80,MN,888.0,1.54,576.6233766233767,Libertarian,Third,2
128,1980,clark_80,AZ,1350.0,2.15,627.9069767441861,Libertarian,Third,2
131,1980,clark_80,WI,1325.0,1.28,1035.15625,Libertarian,Third,2
132,1980,clark_80,GA,235.0,0.98,239.79591836734696,Libertarian,Third,2
141,1980,clark_80,KY,216.0,0.43,502.3255813953488,Libertarian,Third,2
142,1980,clark_80,OK,83.0,1.2,69.16666666666667,Libertarian,Third,2
143,1980,clark_80,MT,288.0,2.7,106.66666666666666,Libertarian,Third,2
154,1980,reagan_80,DC,400.0,74.89,5.341167044999333,Republican,Republican,1
155,1980,reagan_80,CA,19137.0,35.91,532.9156223893067,Republican,Republican,1
157,1980,reagan_80,MA,350.0,41.75,8.383233532934131,Republican,Republican,1
158,1980,reagan_80,NV,350.0,26.89,13.015991074748976,Republican,Republican,1
159,1980,reagan_80,WA,225.0,37.32,6.028938906752412,Republican,Republican,1
161,1980,reagan_80,TX,1870.0,41.42,45.14727184934814,Republican,Republican,1
163,1980,reagan_80,NY,2150.0,43.99,48.8747442600591,Republican,Republican,1
164,1980,reagan_80,MI,735.0,42.5,17.294117647058822,Republican,Republican,1
167,1980,reagan_80,VA,1286600.0,40.31,31917.638303150583,Republican,Republican,1
168,1980,reagan_80,FL,1745.0,38.5,45.324675324675326,Republican,Republican,1
169,1980,reagan_80,ME,300.0,42.25,7.100591715976331,Republican,Republican,1
170,1980,reagan_80,MO,200.0,44.35,4.509582863585118,Republican,Republican,1
172,1980,reagan_80,NJ,1250.0,38.56,32.41701244813278,Republican,Republican,1
173,1980,reagan_80,PA,3000.0,42.48,70.62146892655367,Republican,Republican,1
175,1980,reagan_80,ND,300.0,26.26,11.424219345011423,Republican,Republican,1
178,1980,reagan_80,CT,50.0,38.52,1.2980269989615782,Republican,Republican,1
179,1980,reagan_80,AZ,1025.0,28.24,36.29603399433428,Republican,Republican,1
180,1980,reagan_80,MD,755.0,47.14,16.01612218922359,Republican,Republican,1
181,1980,reagan_80,MS,200.0,48.09,4.158868787689748,Republican,Republican,1
183,1980,reagan_80,GA,550.0,55.76,9.863701578192252,Republican,Republican,1
184,1980,reagan_80,IL,4645.0,41.72,111.33748801534037,Republican,Republican,1
185,1980,reagan_80,AL,100.0,47.45,2.107481559536354,Republican,Republican,1
186,1980,reagan_80,CO,1085.0,31.07,34.92114579980689,Republican,Republican,1
188,1980,reagan_80,UT,150.0,20.57,7.292173067574137,Republican,Republican,1
193,1980,reagan_80,OK,100.0,34.97,2.8595939376608523,Republican,Republican,1
194,1980,reagan_80,MT,50.0,32.43,1.5417823003391922,Republican,Republican,1
195,1980,reagan_80,ID,200.0,25.19,7.939658594680428,Republican,Republican,1
196,1980,reagan_80,HI,150.0,44.8,3.348214285714286,Republican,Republican,1
197,1980,reagan_80,SD,175.0,31.69,5.52224676554118,Republican,Republican,1
198,1980,reagan_80,SC,200.0,48.04,4.163197335553705,Republican,Republican,1
199,1980,reagan_80,AR,100.0,47.52,2.1043771043771042,Republican,Republican,1
205,1984,mondale_84,DC,54139.0,13.73,3943.117261471231,Democratic,Democratic,0
206,1984,mondale_84,CA,1700.0,57.51,29.560076508433315,Democratic,Democratic,0
208,1984,mondale_84,MA,500.0,51.22,9.761811792268645,Democratic,Democratic,0
212,1984,mondale_84,TX,1250.0,63.61,19.65099827071215,Democratic,Democratic,0
214,1984,mondale_84,NY,3025.0,53.84,56.18499257057949,Democratic,Democratic,0
218,1984,mondale_84,VA,75.0,62.29,1.2040455931931289,Democratic,Democratic,0
219,1984,mondale_84,FL,400.0,65.32,6.123698714023271,Democratic,Democratic,0
224,1984,mondale_84,PA,600.0,53.34,11.248593925759279,Democratic,Democratic,0
225,1984,mondale_84,MN,4800.0,49.54,96.89140088817118,Democratic,Democratic,0
229,1984,mondale_84,CT,270.0,60.73,4.445908117898897,Democratic,Democratic,0
230,1984,mondale_84,AZ,100.0,66.42,1.505570611261668,Democratic,Democratic,0
235,1984,mondale_84,IL,1000.0,56.17,17.803097739006585,Democratic,Democratic,0
241,1984,mondale_84,TN,100.0,57.84,1.7289073305670815,Democratic,Democratic,0
242,1984,mondale_84,NC,40.0,61.9,0.6462035541195477,Democratic,Democratic,0
255,1984,reagan_84,OH,600.0,40.14,14.947683109118087,Republican,Republican,1
256,1984,reagan_84,DC,175000.0,85.38,2049.6603420004685,Republican,Republican,1
257,1984,reagan_84,CA,206958.0,41.27,5014.732251029804,Republican,Republican,1
258,1984,reagan_84,OR,1500.0,43.74,34.293552812071326,Republican,Republican,1
260,1984,reagan_84,NV,1000.0,31.97,31.279324366593684,Republican,Republican,1
261,1984,reagan_84,WA,2000.0,42.86,46.66355576294914,Republican,Republican,1
262,1984,reagan_84,LA,1000.0,38.18,26.191723415400734,Republican,Republican,1
263,1984,reagan_84,TX,3000.0,36.11,83.07947936859595,Republican,Republican,1
264,1984,reagan_84,IN,500.0,37.68,13.26963906581741,Republican,Republican,1
265,1984,reagan_84,NY,1000.0,45.83,21.81976871045167,Republican,Republican,1
266,1984,reagan_84,MI,2000.0,40.24,49.70178926441351,Republican,Republican,1
269,1984,reagan_84,VA,4000.0,37.09,107.8457805338366,Republican,Republican,1
270,1984,reagan_84,FL,6000.0,34.66,173.11021350259668,Republican,Republican,1
272,1984,reagan_84,MO,25.0,39.98,0.6253126563281641,Republican,Republican,1
275,1984,reagan_84,PA,250.0,45.99,5.435964340073929,Republican,Republican,1
279,1984,reagan_84,KS,25.0,32.6,0.7668711656441718,Republican,Republican,1
286,1984,reagan_84,IL,525.0,43.3,12.12471131639723,Republican,Republican,1
292,1984,reagan_84,TN,3000.0,41.57,72.1674284339668,Republican,Republican,1
294,1984,reagan_84,KY,1000.0,39.37,25.400050800101603,Republican,Republican,1
295,1984,reagan_84,OK,500.0,30.67,16.3025758069775,Republican,Republican,1
306,1988,bush_88,OH,4060.0,44.15,91.95922989807475,Republican,Republican,1
307,1988,bush_88,DC,2858885.0,82.65,34590.260133091346,Republican,Republican,1
308,1988,bush_88,CA,14397.0,47.56,302.71236333052985,Republican,Republican,1
309,1988,bush_88,OR,1884.0,51.28,36.73946957878315,Republican,Republican,1
310,1988,bush_88,MA,4215.0,53.23,79.18467029870374,Republican,Republican,1
312,1988,bush_88,WA,65.0,50.05,1.2987012987012987,Republican,Republican,1
313,1988,bush_88,LA,300.0,44.06,6.808896958692691,Republican,Republican,1
314,1988,bush_88,TX,21442.0,43.35,494.6251441753172,Republican,Republican,1
315,1988,bush_88,IN,2200.0,39.69,55.42957923910305,Republican,Republican,1
316,1988,bush_88,NY,22631.0,51.62,438.4153428903526,Republican,Republican,1
317,1988,bush_88,MI,6580.0,45.67,144.07707466608275,Republican,Republican,1
319,1988,bush_88,NH,125.0,36.33,3.440682631434077,Republican,Republican,1
320,1988,bush_88,VA,1455.0,39.23,37.08896252867704,Republican,Republican,1
321,1988,bush_88,FL,13172.0,38.51,342.0410283043366,Republican,Republican,1
322,1988,bush_88,ME,285.0,43.88,6.494986326344576,Republican,Republican,1
323,1988,bush_88,MO,2035.0,47.85,42.52873563218391,Republican,Republican,1
324,1988,bush_88,WY,300.0,38.01,7.892659826361484,Republican,Republican,1
325,1988,bush_88,NJ,8800.0,42.6,206.57276995305165,Republican,Republican,1
326,1988,bush_88,PA,1880.0,48.39,38.85100227319694,Republican,Republican,1
327,1988,bush_88,MN,2220.0,52.91,41.95804195804196,Republican,Republican,1
328,1988,bush_88,ND,250.0,42.97,5.818012566907145,Republican,Republican,1
329,1988,bush_88,WV,1015.0,52.2,19.444444444444443,Republican,Republican,1
330,1988,bush_88,KS,1350.0,42.56,31.719924812030072,Republican,Republican,1
331,1988,bush_88,CT,10770.0,46.87,229.78451034777044,Republican,Republican,1
332,1988,bush_88,AZ,430.0,38.74,11.09963861641714,Republican,Republican,1
333,1988,bush_88,MD,2400.0,48.2,49.792531120331944,Republican,Republican,1
334,1988,bush_88,MS,200.0,39.07,5.1190171487074485,Republican,Republican,1
335,1988,bush_88,WI,115.0,51.41,2.236918887375997,Republican,Republican,1
336,1988,bush_88,GA,3305.0,39.5,83.67088607594937,Republican,Republican,1
337,1988,bush_88,IL,3080.0,48.6,63.374485596707814,Republican,Republican,1
338,1988,bush_88,AL,855.0,39.86,21.450075263421976,Republican,Republican,1
339,1988,bush_88,CO,675.0,45.28,14.907243816254416,Republican,Republican,1
340,1988,bush_88,RI,1125.0,55.64,20.219266714593818,Republican,Republican,1
341,1988,bush_88,UT,1010.0,32.05,31.51326053042122,Republican,Republican,1
342,1988,bush_88,IA,200.0,54.71,3.655638822884299,Republican,Republican,1
343,1988,bush_88,TN,965.0,41.55,23.22503008423586,Republican,Republican,1
344,1988,bush_88,NC,1486.0,41.71,35.626947974106926,Republican,Republican,1
345,1988,bush_88,KY,4230.0,43.88,96.39927073837738,Republican,Republican,1
346,1988,bush_88,OK,1000.0,41.28,24.224806201550386,Republican,Republican,1
348,1988,bush_88,ID,25.0,36.01,0.6942515967786727,Republican,Republican,1
349,1988,bush_88,HI,38.0,54.27,0.7002026902524414,Republican,Republican,1
351,1988,bush_88,SC,405.0,37.58,10.77700904736562,Republican,Republican,1
352,1988,bush_88,AR,700.0,42.19,16.591609386110452,Republican,Republican,1
353,1988,bush_88,NE,150.0,39.2,3.826530612244898,Republican,Republican,1
354,1988,bush_88,DE,2500.0,43.48,57.49770009199632,Republican,Republican,1
355,1988,bush_88,NM,1270.0,46.9,27.078891257995735,Republican,Republican,1
356,1988,bush_88,AK,300.0,36.27,8.271298593879239,Republican,Republican,1
357,1988,dukakis_88,OH,1000.0,55.0,18.181818181818183,Democratic,Democratic,0
358,1988,dukakis_88,DC,2000.0,14.3,139.86013986013987,Democratic,Democratic,0
359,1988,dukakis_88,CA,2750.0,51.13,53.78447095638568,Democratic,Democratic,0
361,1988,dukakis_88,MA,3104029.0,45.38,68400.81533715293,Democratic,Democratic,0
365,1988,dukakis_88,TX,3250.0,55.95,58.0875781948168,Democratic,Democratic,0
367,1988,dukakis_88,NY,4100.0,47.52,86.27946127946127,Democratic,Democratic,0
371,1988,dukakis_88,VA,1000.0,59.74,16.739203213927016,Democratic,Democratic,0
372,1988,dukakis_88,FL,6000.0,60.87,98.57072449482504,Democratic,Democratic,0
376,1988,dukakis_88,NJ,1000.0,56.24,17.780938833570413,Democratic,Democratic,0
408,1992,clinton_92,OH,3650.0,40.18,90.84121453459433,Democratic,Democratic,0
409,1992,clinton_92,DC,4900.0,84.64,57.89224952741021,Democratic,Democratic,0
410,1992,clinton_92,CA,17090.0,46.01,371.4409910888937,Democratic,Democratic,0
411,1992,clinton_92,OR,2525.0,42.48,59.439736346516014,Democratic,Democratic,0
412,1992,clinton_92,MA,4425.0,47.54,93.07951198990324,Democratic,Democratic,0
413,1992,clinton_92,NV,1000.0,37.36,26.76659528907923,Democratic,Democratic,0
414,1992,clinton_92,WA,2980.0,43.41,68.64777700990555,Democratic,Democratic,0
415,1992,clinton_92,LA,1000.0,45.58,21.93944712593243,Democratic,Democratic,0
416,1992,clinton_92,TX,4575.0,37.08,123.38187702265373,Democratic,Democratic,0
417,1992,clinton_92,IN,1750.0,36.79,47.56727371568361,Democratic,Democratic,0
418,1992,clinton_92,NY,29141.0,49.73,585.9843153026343,Democratic,Democratic,0
419,1992,clinton_92,MI,1500.0,43.77,34.27004797806717,Democratic,Democratic,0
422,1992,clinton_92,VA,1300.0,40.59,32.02759300320275,Democratic,Democratic,0
423,1992,clinton_92,FL,6872.0,39.0,176.2051282051282,Democratic,Democratic,0
424,1992,clinton_92,ME,2800.0,38.77,72.22078927005415,Democratic,Democratic,0
425,1992,clinton_92,MO,2050.0,44.07,46.51690492398457,Democratic,Democratic,0
427,1992,clinton_92,NJ,4600.0,42.95,107.10128055878928,Democratic,Democratic,0
428,1992,clinton_92,PA,1675.0,45.15,37.09856035437431,Democratic,Democratic,0
429,1992,clinton_92,MN,500.0,43.48,11.499540018399264,Democratic,Democratic,0
431,1992,clinton_92,WV,1000.0,48.41,20.65688907250568,Democratic,Democratic,0
433,1992,clinton_92,CT,2250.0,42.21,53.304904051172706,Democratic,Democratic,0
434,1992,clinton_92,AZ,100.0,36.52,2.7382256297918945,Democratic,Democratic,0
435,1992,clinton_92,MD,3650.0,49.8,73.29317269076306,Democratic,Democratic,0
438,1992,clinton_92,GA,2100.0,43.47,48.309178743961354,Democratic,Democratic,0
439,1992,clinton_92,IL,3100.0,48.58,63.812268423219436,Democratic,Democratic,0
440,1992,clinton_92,AL,1800.0,40.88,44.031311154598825,Democratic,Democratic,0
441,1992,clinton_92,CO,1000.0,40.13,24.919013207076997,Democratic,Democratic,0
442,1992,clinton_92,RI,179.0,47.04,3.8052721088435373,Democratic,Democratic,0
443,1992,clinton_92,UT,700.0,24.65,28.397565922920894,Democratic,Democratic,0
445,1992,clinton_92,TN,2250.0,47.08,47.7909940526763,Democratic,Democratic,0
446,1992,clinton_92,NC,2250.0,42.65,52.75498241500586,Democratic,Democratic,0
448,1992,clinton_92,OK,6000.0,34.02,176.3668430335097,Democratic,Democratic,0
450,1992,clinton_92,ID,50.0,28.42,1.7593244194229414,Democratic,Democratic,0
451,1992,clinton_92,HI,1000.0,48.09,20.79434393844874,Democratic,Democratic,0
452,1992,clinton_92,SD,1000.0,37.14,26.925148088314486,Democratic,Democratic,0
453,1992,clinton_92,SC,350.0,39.88,8.776328986960882,Democratic,Democratic,0
454,1992,clinton_92,AR,2162671.0,53.21,40644.07066340913,Democratic,Democratic,0
457,1992,clinton_92,NM,2000.0,45.9,43.57298474945534,Democratic,Democratic,0
459,1992,bush_92,OH,1600.0,38.35,41.720990873533246,Republican,Republican,1
460,1992,bush_92,DC,253000.0,9.1,27802.197802197803,Republican,Republican,1
461,1992,bush_92,CA,10161.0,32.61,311.59153633854646,Republican,Republican,1
463,1992,bush_92,MA,1100.0,29.03,37.891836031691355,Republican,Republican,1
464,1992,bush_92,NV,1000.0,34.73,28.79355024474518,Republican,Republican,1
466,1992,bush_92,LA,500.0,40.97,12.2040517451794,Republican,Republican,1
467,1992,bush_92,TX,7225.0,40.56,178.13116370808677,Republican,Republican,1
469,1992,bush_92,NY,10500.0,33.88,309.9173553719008,Republican,Republican,1
470,1992,bush_92,MI,2000.0,36.38,54.975261132490374,Republican,Republican,1
473,1992,bush_92,VA,500586.0,44.97,11131.55436957972,Republican,Republican,1
474,1992,bush_92,FL,7640.0,40.89,186.84274883834678,Republican,Republican,1
477,1992,bush_92,WY,35.0,39.7,0.8816120906801007,Republican,Republican,1
478,1992,bush_92,NJ,2000.0,40.58,49.28536224741252,Republican,Republican,1
479,1992,bush_92,PA,6000.0,36.13,166.06698034874066,Republican,Republican,1
480,1992,bush_92,MN,2000.0,31.85,62.79434850863422,Republican,Republican,1
481,1992,bush_92,ND,1000.0,44.22,22.614201718679332,Republican,Republican,1
483,1992,bush_92,KS,250.0,38.88,6.4300411522633745,Republican,Republican,1
484,1992,bush_92,CT,2000.0,35.78,55.89714924538848,Republican,Republican,1
485,1992,bush_92,AZ,1000.0,38.47,25.994281258123213,Republican,Republican,1
486,1992,bush_92,MD,2280.0,35.62,64.00898371701292,Republican,Republican,1
488,1992,bush_92,WI,2000.0,36.78,54.3773790103317,Republican,Republican,1
490,1992,bush_92,IL,1000.0,34.34,29.120559114735,Republican,Republican,1
492,1992,bush_92,CO,1500.0,35.87,41.81767493727349,Republican,Republican,1
497,1992,bush_92,NC,1000.0,43.44,23.02025782688766,Republican,Republican,1
498,1992,bush_92,KY,1000.0,41.34,24.189646831156264,Republican,Republican,1
499,1992,bush_92,OK,1000.0,42.65,23.446658851113718,Republican,Republican,1
503,1992,bush_92,SD,1000.0,40.66,24.59419576979833,Republican,Republican,1
506,1992,bush_92,NE,250.0,46.58,5.367110347788751,Republican,Republican,1
507,1992,bush_92,DE,25.0,35.78,0.698714365567356,Republican,Republican,1
508,1992,bush_92,NM,2000.0,37.34,53.56186395286556,Republican,Republican,1
510,1992,perot_92,OH,36461.0,20.98,1737.8932316491896,Independent,Third,2
511,1992,perot_92,DC,4094.0,4.25,963.2941176470588,Independent,Third,2
512,1992,perot_92,CA,216562.0,20.63,10497.43092583616,Independent,Third,2
513,1992,perot_92,OR,22612.0,24.21,933.9942172655927,Independent,Third,2
514,1992,perot_92,MA,34192.0,22.8,1499.6491228070174,Independent,Third,2
515,1992,perot_92,NV,10250.0,26.19,391.37075219549445,Independent,Third,2
516,1992,perot_92,WA,61509.0,23.68,2597.508445945946,Independent,Third,2
517,1992,perot_92,LA,7683.0,11.81,650.5503810330229,Independent,Third,2
518,1992,perot_92,TX,68693.0,22.01,3120.990458882326,Independent,Third,2
519,1992,perot_92,IN,6145.0,19.77,310.82448153768337,Independent,Third,2
520,1992,perot_92,NY,101621.0,15.75,6452.126984126984,Independent,Third,2
521,1992,perot_92,MI,29515.0,19.3,1529.2746113989638,Independent,Third,2
522,1992,perot_92,VT,6977.0,22.78,306.27743634767336,Independent,Third,2
523,1992,perot_92,NH,2652.0,22.59,117.39707835325365,Independent,Third,2
524,1992,perot_92,VA,53196.0,13.63,3902.861335289802,Independent,Third,2
525,1992,perot_92,FL,2197.0,19.82,110.84762865792129,Independent,Third,2
526,1992,perot_92,ME,12872.0,30.44,422.86465177398156,Independent,Third,2
527,1992,perot_92,MO,34446.0,21.69,1588.1051175656985,Independent,Third,2
528,1992,perot_92,WY,4226.0,25.65,164.7563352826511,Independent,Third,2
529,1992,perot_92,NJ,14538.0,15.61,931.3260730301089,Independent,Third,2
530,1992,perot_92,PA,88443.0,18.2,4859.505494505494,Independent,Third,2
531,1992,perot_92,MN,18957.0,23.96,791.1936560934892,Independent,Third,2
532,1992,perot_92,ND,3097.0,23.07,134.24360641525791,Independent,Third,2
533,1992,perot_92,WV,2391.0,15.91,150.2828409805154,Independent,Third,2
534,1992,perot_92,KS,14856.0,26.99,550.4260837347166,Independent,Third,2
535,1992,perot_92,CT,32966.0,21.58,1527.6181649675627,Independent,Third,2
536,1992,perot_92,AZ,19982.0,23.79,839.9327448507777,Independent,Third,2
537,1992,perot_92,MD,17043.0,14.18,1201.904090267983,Independent,Third,2
538,1992,perot_92,MS,3755.0,8.72,430.61926605504584,Independent,Third,2
539,1992,perot_92,WI,41251.0,21.51,1917.759181775918,Independent,Third,2
540,1992,perot_92,GA,23227.0,13.34,1741.1544227886056,Independent,Third,2
541,1992,perot_92,IL,32341.0,16.64,1943.5697115384614,Independent,Third,2
542,1992,perot_92,AL,11899.0,10.85,1096.6820276497697,Independent,Third,2
543,1992,perot_92,CO,17065.0,23.32,731.7753001715266,Independent,Third,2
544,1992,perot_92,RI,5961.0,23.16,257.3834196891192,Independent,Third,2
545,1992,perot_92,UT,2929.0,27.34,107.13240673006584,Independent,Third,2
546,1992,perot_92,IA,1958.0,18.71,104.64991982896846,Independent,Third,2
547,1992,perot_92,TN,16064.0,10.09,1592.0713577799802,Independent,Third,2
548,1992,perot_92,NC,19214.0,13.7,1402.4817518248176,Independent,Third,2
549,1992,perot_92,KY,11437.0,13.66,837.2620790629576,Independent,Third,2
550,1992,perot_92,OK,3880.0,23.01,168.62233811386352,Independent,Third,2
551,1992,perot_92,MT,4503.0,26.12,172.39663093415007,Independent,Third,2
552,1992,perot_92,ID,6052.0,27.05,223.73382624768945,Independent,Third,2
553,1992,perot_92,HI,10470.0,14.22,736.2869198312236,Independent,Third,2
554,1992,perot_92,SD,4965.0,21.8,227.75229357798165,Independent,Third,2
555,1992,perot_92,SC,4842.0,11.55,419.2207792207792,Independent,Third,2
556,1992,perot_92,AR,19935.0,10.43,1911.3135186960692,Independent,Third,2
557,1992,perot_92,NE,3132.0,23.63,132.54337706305543,Independent,Third,2
558,1992,perot_92,DE,2592.0,20.45,126.74816625916871,Independent,Third,2
559,1992,perot_92,NM,15393.0,16.12,954.9007444168734,Independent,Third,2
560,1992,perot_92,AK,1817.0,28.43,63.91136123812874,Independent,Third,2
561,1996,clinton_96,OH,1045.0,47.38,22.055719712959053,Democratic,Democratic,0
562,1996,clinton_96,DC,1908313.0,85.19,22400.669092616507,Democratic,Democratic,0
563,1996,clinton_96,CA,11985.0,51.1,234.54011741682973,Democratic,Democratic,0
565,1996,clinton_96,MA,3775.0,61.47,61.41207092890841,Democratic,Democratic,0
567,1996,clinton_96,WA,705.0,49.84,14.145264847512038,Democratic,Democratic,0
568,1996,clinton_96,LA,50.0,52.01,0.9613535858488752,Democratic,Democratic,0
569,1996,clinton_96,TX,1935.0,43.83,44.14784394250513,Democratic,Democratic,0
570,1996,clinton_96,IN,50.0,41.55,1.203369434416366,Democratic,Democratic,0
571,1996,clinton_96,NY,8400.0,59.47,141.24768790987054,Democratic,Democratic,0
572,1996,clinton_96,MI,625.0,51.69,12.091313600309539,Democratic,Democratic,0
573,1996,clinton_96,VT,35.0,53.35,0.6560449859418931,Democratic,Democratic,0
575,1996,clinton_96,VA,623.0,45.15,13.7984496124031,Democratic,Democratic,0
576,1996,clinton_96,FL,7445.0,48.02,155.039566847147,Democratic,Democratic,0
578,1996,clinton_96,MO,100.0,47.54,2.103491796381994,Democratic,Democratic,0
579,1996,clinton_96,WY,50.0,36.84,1.3572204125950054,Democratic,Democratic,0
580,1996,clinton_96,NJ,640.0,53.72,11.913626209977663,Democratic,Democratic,0
581,1996,clinton_96,PA,850.0,49.17,17.286963595688427,Democratic,Democratic,0
582,1996,clinton_96,MN,100.0,51.1,1.9569471624266144,Democratic,Democratic,0
585,1996,clinton_96,KS,250.0,36.08,6.929046563192905,Democratic,Democratic,0
588,1996,clinton_96,MD,100.0,54.25,1.8433179723502304,Democratic,Democratic,0
591,1996,clinton_96,GA,450.0,45.84,9.816753926701569,Democratic,Democratic,0
592,1996,clinton_96,IL,810.0,54.32,14.911634756995582,Democratic,Democratic,0
593,1996,clinton_96,AL,620.0,43.16,14.365152919369788,Democratic,Democratic,0
597,1996,clinton_96,IA,250.0,50.26,4.974134500596897,Democratic,Democratic,0
598,1996,clinton_96,TN,1525.0,48.0,31.770833333333332,Democratic,Democratic,0
599,1996,clinton_96,NC,250.0,44.04,5.676657584014532,Democratic,Democratic,0
600,1996,clinton_96,KY,25.0,45.84,0.5453752181500873,Democratic,Democratic,0
602,1996,clinton_96,MT,100.0,41.23,2.425418384671356,Democratic,Democratic,0
603,1996,clinton_96,ID,100.0,33.65,2.971768202080238,Democratic,Democratic,0
606,1996,clinton_96,SC,1025.0,43.85,23.375142531356897,Democratic,Democratic,0
607,1996,clinton_96,AR,4051733.0,53.74,75395.10606624489,Democratic,Democratic,0
608,1996,clinton_96,NE,375.0,34.95,10.729613733905579,Democratic,Democratic,0
610,1996,clinton_96,NM,120.0,49.18,2.4400162667751117,Democratic,Democratic,0
612,1996,dole_96,OH,1556.0,41.02,37.932715748415404,Republican,Republican,1
613,1996,dole_96,DC,10148317.0,9.34,1086543.5760171306,Republican,Republican,1
614,1996,dole_96,CA,3153.0,38.21,82.5176655325831,Republican,Republican,1
616,1996,dole_96,MA,1000.0,28.09,35.5998576005696,Republican,Republican,1
618,1996,dole_96,WA,250.0,37.3,6.702412868632709,Republican,Republican,1
620,1996,dole_96,TX,7606.0,48.76,155.98851517637408,Republican,Republican,1
621,1996,dole_96,IN,350.0,47.13,7.426267769997878,Republican,Republican,1
622,1996,dole_96,NY,2445.0,30.61,79.87585756288794,Republican,Republican,1
623,1996,dole_96,MI,1703.0,38.48,44.25675675675676,Republican,Republican,1
626,1996,dole_96,VA,3145.0,47.1,66.7728237791932,Republican,Republican,1
627,1996,dole_96,FL,3333.0,42.32,78.7570888468809,Republican,Republican,1
628,1996,dole_96,ME,462.0,30.76,15.019505851755525,Republican,Republican,1
629,1996,dole_96,MO,3750.0,41.24,90.93113482056256,Republican,Republican,1
630,1996,dole_96,WY,219.0,49.81,4.3967074884561335,Republican,Republican,1
631,1996,dole_96,NJ,4100.0,35.86,114.3335192414947,Republican,Republican,1
632,1996,dole_96,PA,1403.0,39.97,35.10132599449587,Republican,Republican,1
633,1996,dole_96,MN,1270.0,34.96,36.327231121281464,Republican,Republican,1
636,1996,dole_96,KS,1612.0,54.29,29.692392705839012,Republican,Republican,1
637,1996,dole_96,CT,200.0,34.69,5.765350245027386,Republican,Republican,1
638,1996,dole_96,AZ,500.0,44.29,11.289230074508918,Republican,Republican,1
639,1996,dole_96,MD,50.0,38.27,1.306506401881369,Republican,Republican,1
640,1996,dole_96,MS,450.0,49.21,9.144482828693356,Republican,Republican,1
642,1996,dole_96,GA,435.0,47.01,9.253350350989152,Republican,Republican,1
643,1996,dole_96,IL,5605.0,36.81,152.26840532464004,Republican,Republican,1
644,1996,dole_96,AL,923.0,50.12,18.415802075019954,Republican,Republican,1
645,1996,dole_96,CO,2333.0,45.8,50.938864628820966,Republican,Republican,1
646,1996,dole_96,RI,1000.0,26.82,37.28560775540641,Republican,Republican,1
648,1996,dole_96,IA,1450.0,39.92,36.322645290581164,Republican,Republican,1
650,1996,dole_96,NC,305.0,48.73,6.258978042273753,Republican,Republican,1
651,1996,dole_96,KY,400.0,44.88,8.9126559714795,Republican,Republican,1
652,1996,dole_96,OK,1550.0,48.26,32.117695814339,Republican,Republican,1
655,1996,dole_96,HI,140.0,31.64,4.424778761061947,Republican,Republican,1
659,1996,dole_96,NE,2158.0,53.65,40.22367194780988,Republican,Republican,1
663,1996,perot_96,OH,1065.0,10.66,99.906191369606,Reform,Third,2
665,1996,perot_96,CA,8139.0,6.96,1169.396551724138,Reform,Third,2
666,1996,perot_96,OR,30.0,8.8,3.4090909090909087,Reform,Third,2
667,1996,perot_96,MA,4291.0,8.89,482.67716535433067,Reform,Third,2
668,1996,perot_96,NV,150.0,9.47,15.83949313621964,Reform,Third,2
669,1996,perot_96,WA,100.0,8.92,11.210762331838565,Reform,Third,2
670,1996,perot_96,LA,1828.0,6.91,264.54413892908826,Reform,Third,2
671,1996,perot_96,TX,1596.0,6.75,236.44444444444446,Reform,Third,2
672,1996,perot_96,IN,294.0,10.5,28.0,Reform,Third,2
673,1996,perot_96,NY,1289.0,7.97,161.7314930991217,Reform,Third,2
674,1996,perot_96,MI,971.0,8.75,110.97142857142858,Reform,Third,2
677,1996,perot_96,VA,1023.0,6.62,154.53172205438065,Reform,Third,2
678,1996,perot_96,FL,1673.0,9.12,183.44298245614036,Reform,Third,2
679,1996,perot_96,ME,2429.0,14.19,171.1768851303735,Reform,Third,2
680,1996,perot_96,MO,700.0,10.06,69.58250497017892,Reform,Third,2
682,1996,perot_96,NJ,20.0,8.52,2.347417840375587,Reform,Third,2
683,1996,perot_96,PA,1737.0,9.56,181.69456066945605,Reform,Third,2
684,1996,perot_96,MN,100.0,11.75,8.51063829787234,Reform,Third,2
688,1996,perot_96,CT,195.0,10.02,19.46107784431138,Reform,Third,2
689,1996,perot_96,AZ,443.0,7.98,55.51378446115288,Reform,Third,2
690,1996,perot_96,MD,420.0,6.5,64.61538461538461,Reform,Third,2
692,1996,perot_96,WI,906.0,10.35,87.53623188405797,Reform,Third,2
693,1996,perot_96,GA,75.0,6.37,11.773940345368917,Reform,Third,2
694,1996,perot_96,IL,485.0,8.03,60.39850560398506,Reform,Third,2
695,1996,perot_96,AL,50.0,6.01,8.319467554076539,Reform,Third,2
696,1996,perot_96,CO,250.0,6.59,37.93626707132018,Reform,Third,2
701,1996,perot_96,NC,1261.0,6.68,188.77245508982037,Reform,Third,2
702,1996,perot_96,KY,50.0,8.67,5.767012687427912,Reform,Third,2
704,1996,perot_96,MT,551.0,13.56,40.634218289085545,Reform,Third,2
705,1996,perot_96,ID,15.0,12.71,1.1801730920535012,Reform,Third,2
706,1996,perot_96,HI,112.0,7.6,14.73684210526316,Reform,Third,2
708,1996,perot_96,SC,759.0,5.6,135.5357142857143,Reform,Third,2
713,1996,perot_96,AK,547.0,10.9,50.18348623853211,Reform,Third,2
714,2000,bush_00,OH,2050.0,46.46,44.12397761515282,Republican,Republican,1
715,2000,bush_00,DC,5650.0,85.16,66.34570220760921,Republican,Republican,1
716,2000,bush_00,CA,31145.0,53.45,582.6941066417212,Republican,Republican,1
717,2000,bush_00,OR,500.0,46.96,10.647359454855195,Republican,Republican,1
718,2000,bush_00,MA,3100.0,59.8,51.83946488294315,Republican,Republican,1
719,2000,bush_00,NV,2000.0,45.98,43.49717268377556,Republican,Republican,1
720,2000,bush_00,WA,3050.0,50.16,60.80542264752791,Republican,Republican,1
721,2000,bush_00,LA,1500.0,44.88,33.42245989304813,Republican,Republican,1
722,2000,bush_00,TX,60850.0,37.98,1602.1590310689837,Republican,Republican,1
724,2000,bush_00,NY,23400.0,60.21,388.63976083707024,Republican,Republican,1
725,2000,bush_00,MI,1500.0,51.28,29.25117004680187,Republican,Republican,1
727,2000,bush_00,NH,150.0,46.8,3.2051282051282053,Republican,Republican,1
728,2000,bush_00,VA,10706.0,44.44,240.90909090909093,Republican,Republican,1
729,2000,bush_00,FL,10850.0,48.84,222.15397215397215,Republican,Republican,1
731,2000,bush_00,MO,4100.0,47.08,87.0858113848768,Republican,Republican,1
733,2000,bush_00,NJ,4000.0,56.13,71.26313914127917,Republican,Republican,1
734,2000,bush_00,PA,7450.0,50.6,147.23320158102766,Republican,Republican,1
735,2000,bush_00,MN,1000.0,47.91,20.872469213107912,Republican,Republican,1
739,2000,bush_00,CT,7350.0,55.91,131.46127705240565,Republican,Republican,1
740,2000,bush_00,AZ,2000.0,44.73,44.7127207690588,Republican,Republican,1
741,2000,bush_00,MD,5025.0,56.57,88.82800070708856,Republican,Republican,1
742,2000,bush_00,MS,6000.0,40.7,147.4201474201474,Republican,Republican,1
744,2000,bush_00,GA,4876.0,42.98,113.4481154025128,Republican,Republican,1
745,2000,bush_00,IL,8350.0,54.6,152.93040293040292,Republican,Republican,1
746,2000,bush_00,AL,3250.0,41.57,78.18138080346404,Republican,Republican,1
747,2000,bush_00,CO,3000.0,42.39,70.77140835102618,Republican,Republican,1
748,2000,bush_00,RI,100.0,60.99,1.6396130513198885,Republican,Republican,1
749,2000,bush_00,UT,1000.0,26.34,37.96507213363705,Republican,Republican,1
750,2000,bush_00,IA,1000.0,48.54,20.601565718994642,Republican,Republican,1
751,2000,bush_00,TN,2150.0,47.28,45.47377326565144,Republican,Republican,1
752,2000,bush_00,NC,1000.0,43.2,23.148148148148145,Republican,Republican,1
754,2000,bush_00,OK,2000.0,38.43,52.042674993494664,Republican,Republican,1
755,2000,bush_00,MT,1000.0,33.36,29.97601918465228,Republican,Republican,1
756,2000,bush_00,ID,750.0,27.64,27.134587554269174,Republican,Republican,1
757,2000,bush_00,HI,1000.0,55.79,17.924359204158453,Republican,Republican,1
759,2000,bush_00,SC,2100.0,40.9,51.34474327628362,Republican,Republican,1
761,2000,bush_00,NE,1000.0,33.25,30.075187969924812,Republican,Republican,1
762,2000,bush_00,DE,1000.0,54.96,18.19505094614265,Republican,Republican,1
763,2000,bush_00,NM,1250.0,47.91,26.09058651638489,Republican,Republican,1
764,2000,bush_00,AK,1000.0,27.67,36.14022406938923,Republican,Republican,1
765,2000,gore_00,OH,2000.0,49.97,40.024014408645186,Democratic,Democratic,0
766,2000,gore_00,DC,3000.0,8.95,335.195530726257,Democratic,Democratic,0
767,2000,gore_00,CA,7000.0,41.65,168.0672268907563,Democratic,Democratic,0
769,2000,gore_00,MA,3250.0,32.5,100.0,Democratic,Democratic,0
771,2000,gore_00,WA,2000.0,44.58,44.86316733961418,Democratic,Democratic,0
773,2000,gore_00,TX,1250.0,59.3,21.079258010118046,Democratic,Democratic,0
775,2000,gore_00,NY,14000.0,35.23,397.38858927050813,Democratic,Democratic,0
776,2000,gore_00,MI,125.0,46.15,2.7085590465872156,Democratic,Democratic,0
779,2000,gore_00,VA,3000.0,52.47,57.17552887364208,Democratic,Democratic,0
780,2000,gore_00,FL,1250.0,48.85,25.588536335721596,Democratic,Democratic,0
785,2000,gore_00,PA,34.0,46.43,0.7322851604566013,Democratic,Democratic,0
795,2000,gore_00,GA,1000.0,54.67,18.291567587342236,Democratic,Democratic,0
796,2000,gore_00,IL,2000.0,42.58,46.97040864255519,Democratic,Democratic,0
797,2000,gore_00,AL,1000.0,56.48,17.705382436260624,Democratic,Democratic,0
798,2000,gore_00,CO,2000.0,50.75,39.40886699507389,Democratic,Democratic,0
802,2000,gore_00,TN,1000.0,51.15,19.550342130987293,Democratic,Democratic,0
803,2000,gore_00,NC,250.0,56.03,4.461895413171515,Democratic,Democratic,0
804,2000,gore_00,KY,1500.0,56.5,26.548672566371682,Democratic,Democratic,0
811,2000,gore_00,AR,625.0,51.31,12.180861430520366,Democratic,Democratic,0
816,2000,nader_00,OH,1045.0,2.5,418.0,Green,Third,2
817,2000,nader_00,DC,38288.0,5.24,7306.8702290076335,Green,Third,2
818,2000,nader_00,CA,1375.0,3.82,359.9476439790576,Green,Third,2
820,2000,nader_00,MA,1045.0,6.42,162.77258566978193,Green,Third,2
821,2000,nader_00,NV,15.0,2.46,6.097560975609756,Green,Third,2
824,2000,nader_00,TX,35.0,2.15,16.27906976744186,Green,Third,2
826,2000,nader_00,NY,3080.0,3.58,860.3351955307262,Green,Third,2
827,2000,nader_00,MI,156.0,1.99,78.39195979899498,Green,Third,2
832,2000,nader_00,ME,1200.0,5.7,210.52631578947367,Green,Third,2
833,2000,nader_00,MO,1050.0,1.63,644.1717791411044,Green,Third,2
836,2000,nader_00,PA,70.0,2.1,33.33333333333333,Green,Third,2
841,2000,nader_00,CT,1000.0,4.42,226.2443438914027,Green,Third,2
843,2000,nader_00,MD,1200.0,2.65,452.8301886792453,Green,Third,2
846,2000,nader_00,GA,30.0,0.52,57.69230769230769,Green,Third,2
847,2000,nader_00,IL,20.0,2.19,9.132420091324201,Green,Third,2
867,2004,bush_04,OH,305654.33,48.71,6274.981112707863,Republican,Republican,1
868,2004,bush_04,DC,3286494.18,89.18,36852.36801973537,Republican,Republican,1
869,2004,bush_04,CA,627332.55,54.31,11550.958387037379,Republican,Republican,1
870,2004,bush_04,OR,47937.49,51.35,933.5441090555014,Republican,Republican,1
871,2004,bush_04,MA,101932.33,61.94,1645.6624152405554,Republican,Republican,1
872,2004,bush_04,NV,42485.5,47.88,887.3329156223892,Republican,Republican,1
873,2004,bush_04,WA,96700.22,52.82,1830.7500946611133,Republican,Republican,1
874,2004,bush_04,LA,69855.22,42.22,1654.5528185693984,Republican,Republican,1
875,2004,bush_04,TX,48417558.13,38.22,1266812.0913134485,Republican,Republican,1
876,2004,bush_04,IN,49988.0,39.26,1273.2552215995925,Republican,Republican,1
877,2004,bush_04,NY,207419.84,58.37,3553.5350351207812,Republican,Republican,1
878,2004,bush_04,MI,241977.15,51.23,4723.348623853211,Republican,Republican,1
879,2004,bush_04,VT,8620.0,58.94,146.25042416016288,Republican,Republican,1
880,2004,bush_04,NH,36747.12,50.24,731.4315286624204,Republican,Republican,1
881,2004,bush_04,VA,11344614.620000005,45.48,249441.83421284094,Republican,Republican,1
882,2004,bush_04,FL,338606.25,47.09,7190.61902739435,Republican,Republican,1
883,2004,bush_04,ME,21108.51,53.57,394.03602762740337,Republican,Republican,1
884,2004,bush_04,MO,180957.3,46.1,3925.32104121475,Republican,Republican,1
885,2004,bush_04,WY,9060.0,29.07,311.66150670794633,Republican,Republican,1
886,2004,bush_04,NJ,149947.40999999995,52.92,2833.473356009069,Republican,Republican,1
887,2004,bush_04,PA,203895.28000000003,50.92,4004.2278083267875,Republican,Republican,1
888,2004,bush_04,MN,134056.03999999998,51.09,2623.919357995693,Republican,Republican,1
889,2004,bush_04,ND,6345.0,35.5,178.73239436619718,Republican,Republican,1
890,2004,bush_04,WV,32945.14,43.2,762.6189814814815,Republican,Republican,1
891,2004,bush_04,KS,24578.94,36.62,671.188967777171,Republican,Republican,1
892,2004,bush_04,CT,55356.0,54.31,1019.2598048241575,Republican,Republican,1
893,2004,bush_04,AZ,206898.13,44.4,4659.867792792793,Republican,Republican,1
894,2004,bush_04,MD,326109.49,55.91,5832.757825076015,Republican,Republican,1
895,2004,bush_04,MS,20108.0,39.76,505.7344064386318,Republican,Republican,1
896,2004,bush_04,WI,551851.49,49.7,11103.651710261569,Republican,Republican,1
897,2004,bush_04,GA,112807.92,41.37,2726.8049311094996,Republican,Republican,1
898,2004,bush_04,IL,164689.64,54.82,3004.188982123313,Republican,Republican,1
899,2004,bush_04,AL,35640.05,36.84,967.4280673181324,Republican,Republican,1
900,2004,bush_04,CO,103022.17,47.02,2191.0287111867287,Republican,Republican,1
901,2004,bush_04,RI,6925.0,59.42,116.54325143049478,Republican,Republican,1
902,2004,bush_04,UT,402505.92,26.0,15480.996923076922,Republican,Republican,1
903,2004,bush_04,IA,95971.32,49.23,1949.4478976234006,Republican,Republican,1
904,2004,bush_04,TN,130799.94,42.53,3075.4747237244296,Republican,Republican,1
905,2004,bush_04,NC,85699.04999999999,43.58,1966.4765947682422,Republican,Republican,1
906,2004,bush_04,KY,104591.44,39.69,2635.2088687326786,Republican,Republican,1
907,2004,bush_04,OK,42651.0,34.43,1238.7743247168166,Republican,Republican,1
908,2004,bush_04,MT,18807.0,38.56,487.73340248962654,Republican,Republican,1
909,2004,bush_04,ID,6446.0,30.26,213.0204890945142,Republican,Republican,1
910,2004,bush_04,HI,7705.0,54.01,142.65876689501945,Republican,Republican,1
911,2004,bush_04,SD,6725.0,38.44,174.94797086368368,Republican,Republican,1
912,2004,bush_04,SC,43872.52,40.9,1072.677750611247,Republican,Republican,1
913,2004,bush_04,AR,26961.8,44.55,605.2031425364759,Republican,Republican,1
914,2004,bush_04,NE,20105.82,32.68,615.233170134639,Republican,Republican,1
915,2004,bush_04,DE,30137.13,53.35,564.8946579194002,Republican,Republican,1
916,2004,bush_04,NM,33990.01,49.05,692.9665647298675,Republican,Republican,1
917,2004,bush_04,AK,8927.0,35.52,251.32319819819818,Republican,Republican,1
918,2004,kerry_04,OH,791212.24,50.81,15571.978744341664,Democratic,Democratic,0
919,2004,kerry_04,DC,13066204.69,9.34,1398951.2516059957,Democratic,Democratic,0
920,2004,kerry_04,CA,290442.80000000005,44.36,6547.403065825069,Democratic,Democratic,0
921,2004,kerry_04,OR,80316.18000000001,47.19,1701.974570883662,Democratic,Democratic,0
922,2004,kerry_04,MA,467523.45000000007,36.78,12711.349918433933,Democratic,Democratic,0
923,2004,kerry_04,NV,124204.55000000002,50.47,2460.957994848425,Democratic,Democratic,0
924,2004,kerry_04,WA,394225.85,45.64,8637.726774758983,Democratic,Democratic,0
925,2004,kerry_04,LA,11877.589999999998,56.72,209.40744005641747,Democratic,Democratic,0
926,2004,kerry_04,TX,120628.75,61.09,1974.6071370109673,Democratic,Democratic,0
927,2004,kerry_04,IN,7036.41,59.94,117.39089089089089,Democratic,Democratic,0
928,2004,kerry_04,NY,460281.11,40.08,11484.059630738524,Democratic,Democratic,0
929,2004,kerry_04,MI,421379.59,47.81,8813.628738757583,Democratic,Democratic,0
930,2004,kerry_04,VT,6972.0,38.8,179.69072164948454,Democratic,Democratic,0
931,2004,kerry_04,NH,59056.12,48.87,1208.4329854716595,Democratic,Democratic,0
932,2004,kerry_04,VA,1062344.35,53.68,19790.31948584203,Democratic,Democratic,0
933,2004,kerry_04,FL,807778.0,52.1,15504.376199616123,Democratic,Democratic,0
934,2004,kerry_04,ME,41620.30999999998,44.58,933.6094661283083,Democratic,Democratic,0
935,2004,kerry_04,MO,1683465.62,53.3,31584.720825515953,Democratic,Democratic,0
937,2004,kerry_04,NJ,2154309.92,46.24,46589.74740484429,Democratic,Democratic,0
938,2004,kerry_04,PA,455639.14,48.42,9410.143329202809,Democratic,Democratic,0
939,2004,kerry_04,MN,121846.09,47.61,2559.2541482881747,Democratic,Democratic,0
940,2004,kerry_04,ND,3459.58,62.86,55.03627107858733,Democratic,Democratic,0
941,2004,kerry_04,WV,20922.79,56.06,373.2213699607563,Democratic,Democratic,0
942,2004,kerry_04,KS,20146.75,62.0,324.9475806451613,Democratic,Democratic,0
943,2004,kerry_04,CT,25824.58,43.95,587.5899886234357,Democratic,Democratic,0
944,2004,kerry_04,AZ,128481.91,54.87,2341.5693457262623,Democratic,Democratic,0
945,2004,kerry_04,MD,1035821.28,42.93,24128.145352900072,Democratic,Democratic,0
946,2004,kerry_04,MS,700.0,59.45,11.774600504625734,Democratic,Democratic,0
947,2004,kerry_04,WI,573210.45,49.32,11622.271897810218,Democratic,Democratic,0
948,2004,kerry_04,GA,27810.58,57.97,479.7409004657582,Democratic,Democratic,0
949,2004,kerry_04,IL,17745338.59,44.48,398950.9575089928,Democratic,Democratic,0
950,2004,kerry_04,AL,426059.16,62.46,6821.312199807877,Democratic,Democratic,0
951,2004,kerry_04,CO,133221.16000000006,51.69,2577.310118011222,Democratic,Democratic,0
952,2004,kerry_04,RI,49440.83,38.67,1278.5319369019912,Democratic,Democratic,0
953,2004,kerry_04,UT,941.55,71.54,13.161168577019847,Democratic,Democratic,0
954,2004,kerry_04,IA,833495.55,49.9,16703.31763527054,Democratic,Democratic,0
955,2004,kerry_04,TN,16007.72,56.8,281.8260563380282,Democratic,Democratic,0
956,2004,kerry_04,NC,57346.66,56.02,1023.6818993216708,Democratic,Democratic,0
957,2004,kerry_04,KY,15936.77,59.55,267.61998320738877,Democratic,Democratic,0
958,2004,kerry_04,OK,67581.34,65.57,1030.6746987951808,Democratic,Democratic,0
959,2004,kerry_04,MT,4667.62,59.07,79.01845268325715,Democratic,Democratic,0
960,2004,kerry_04,ID,6840.0,68.38,100.0292483182217,Democratic,Democratic,0
961,2004,kerry_04,HI,1711.4900000000002,45.26,37.81462660185595,Democratic,Democratic,0
962,2004,kerry_04,SD,940.5,59.91,15.6985478217326,Democratic,Democratic,0
963,2004,kerry_04,SC,15004.37,57.98,258.78527078302864,Democratic,Democratic,0
964,2004,kerry_04,AR,32367.83,54.31,595.9828760817529,Democratic,Democratic,0
965,2004,kerry_04,NE,8439.98,65.9,128.07253414264034,Democratic,Democratic,0
966,2004,kerry_04,DE,17143.739999999998,45.75,374.7265573770491,Democratic,Democratic,0
967,2004,kerry_04,NM,211203.54,49.84,4237.631219903692,Democratic,Democratic,0
969,2008,obama_08,OH,8165629.280000001,51.5,158555.9083495146,Democratic,Democratic,0
970,2008,obama_08,DC,22437785.55,92.46,242675.59539260223,Democratic,Democratic,0
971,2008,obama_08,CA,15071817.37,61.01,247038.47516800524,Democratic,Democratic,0
972,2008,obama_08,OR,292745.28,56.75,5158.507136563877,Democratic,Democratic,0
973,2008,obama_08,MA,205951578.7,61.8,3332549.8171521034,Democratic,Democratic,0
974,2008,obama_08,NV,3660697.78,55.15,66377.11296464188,Democratic,Democratic,0
975,2008,obama_08,WA,1803431.2,57.65,31282.41457068517,Democratic,Democratic,0
976,2008,obama_08,LA,85629.78,39.93,2144.497370398197,Democratic,Democratic,0
977,2008,obama_08,TX,1533589.99,43.68,35109.66094322344,Democratic,Democratic,0
978,2008,obama_08,IN,1768946.11,49.95,35414.33653653654,Democratic,Democratic,0
979,2008,obama_08,NY,5526346.039999999,62.88,87887.18256997454,Democratic,Democratic,0
980,2008,obama_08,MI,2904772.35,57.43,50579.35486679436,Democratic,Democratic,0
981,2008,obama_08,VT,47764.21,67.46,708.0375037058999,Democratic,Democratic,0
982,2008,obama_08,NH,1199134.9,54.13,22152.87086643266,Democratic,Democratic,0
983,2008,obama_08,VA,7528697.799999999,52.63,143049.54968649056,Democratic,Democratic,0
984,2008,obama_08,FL,45077061.94,51.03,883344.345287086,Democratic,Democratic,0
985,2008,obama_08,ME,150837.91999999998,57.71,2613.722405129093,Democratic,Democratic,0
986,2008,obama_08,MO,21016865.6,49.29,426392.07952931634,Democratic,Democratic,0
987,2008,obama_08,WY,34685.33,32.54,1065.9290104486786,Democratic,Democratic,0
988,2008,obama_08,NJ,781688.1499999998,57.27,13649.173214597517,Democratic,Democratic,0
989,2008,obama_08,PA,4082456.26,54.49,74921.20132134335,Democratic,Democratic,0
990,2008,obama_08,MN,2910054.35,54.06,53830.08416574177,Democratic,Democratic,0
991,2008,obama_08,ND,1047.83,44.62,23.483415508740475,Democratic,Democratic,0
992,2008,obama_08,WV,167531.20999999993,42.59,3933.5808875322828,Democratic,Democratic,0
993,2008,obama_08,KS,139432.78,41.65,3347.7258103241297,Democratic,Democratic,0
994,2008,obama_08,CT,163917.32,60.59,2705.352698465093,Democratic,Democratic,0
995,2008,obama_08,AZ,974962.68,45.12,21608.21542553192,Democratic,Democratic,0
996,2008,obama_08,MD,6885013.72,61.92,111192.08204134366,Democratic,Democratic,0
997,2008,obama_08,MS,104561.95,43.0,2431.6732558139533,Democratic,Democratic,0
998,2008,obama_08,WI,8571696.280000001,56.22,152467.02739238707,Democratic,Democratic,0
999,2008,obama_08,GA,1490704.98,46.99,31723.87699510534,Democratic,Democratic,0
1000,2008,obama_08,IL,17085869.91,61.92,275934.59156976745,Democratic,Democratic,0
1001,2008,obama_08,AL,528494.67,38.74,13642.092669075892,Democratic,Democratic,0
1002,2008,obama_08,CO,5325376.4,53.66,99242.94446515097,Democratic,Democratic,0
1003,2008,obama_08,RI,65101.65,62.86,1035.660992682151,Democratic,Democratic,0
1004,2008,obama_08,UT,77956.39,34.41,2265.5155478058705,Democratic,Democratic,0
1005,2008,obama_08,IA,1085777.7399999998,53.93,20133.093639903575,Democratic,Democratic,0
1006,2008,obama_08,TN,361084.79999999993,41.83,8632.196987807793,Democratic,Democratic,0
1007,2008,obama_08,NC,4760888.64,49.7,95792.52796780683,Democratic,Democratic,0
1008,2008,obama_08,KY,103432.86,41.17,2512.3356813213504,Democratic,Democratic,0
1009,2008,obama_08,OK,344502.98,34.35,10029.198835516738,Democratic,Democratic,0
1010,2008,obama_08,MT,802414.11,47.25,16982.309206349208,Democratic,Democratic,0
1011,2008,obama_08,ID,32388.49,36.09,897.4366860626212,Democratic,Democratic,0
1012,2008,obama_08,HI,70636.69,71.85,983.11329157968,Democratic,Democratic,0
1013,2008,obama_08,SD,48801.9,44.75,1090.5452513966482,Democratic,Democratic,0
1014,2008,obama_08,SC,682000.5199999999,44.9,15189.321158129174,Democratic,Democratic,0
1015,2008,obama_08,AR,84229.31999999999,38.86,2167.506948018528,Democratic,Democratic,0
1016,2008,obama_08,NE,431033.8499999999,41.6,10361.390624999998,Democratic,Democratic,0
1017,2008,obama_08,DE,319533.26,61.94,5158.754601226994,Democratic,Democratic,0
1018,2008,obama_08,NM,849894.36,56.91,14934.007380073801,Democratic,Democratic,0
1019,2008,obama_08,AK,49601.25,37.89,1309.0855106888362,Democratic,Democratic,0
1020,2008,mccain_08,OH,1039366.42,46.91,22156.60669366873,Republican,Republican,1
1021,2008,mccain_08,DC,2394753.0,6.53,366730.93415007653,Republican,Republican,1
1022,2008,mccain_08,CA,3453603.99,36.95,93466.9550744249,Republican,Republican,1
1023,2008,mccain_08,OR,24113.12,40.4,596.859405940594,Republican,Republican,1
1024,2008,mccain_08,MA,358681.13,35.99,9966.1330925257,Republican,Republican,1
1025,2008,mccain_08,NV,123153.77,42.65,2887.544431418523,Republican,Republican,1
1026,2008,mccain_08,WA,131479.38,40.48,3248.0083992094865,Republican,Republican,1
1027,2008,mccain_08,LA,35710.28,58.56,609.806693989071,Republican,Republican,1
1028,2008,mccain_08,TX,1822169.19,55.45,32861.48223624887,Republican,Republican,1
1029,2008,mccain_08,IN,115767.24,48.91,2366.944183193621,Republican,Republican,1
1030,2008,mccain_08,NY,3662653.94,36.03,101655.67416042187,Republican,Republican,1
1031,2008,mccain_08,MI,612405.17,40.96,14951.298095703125,Republican,Republican,1
1032,2008,mccain_08,VT,4102.950000000002,30.45,134.74384236453207,Republican,Republican,1
1033,2008,mccain_08,NH,197662.84,44.52,4439.866127583108,Republican,Republican,1
1034,2008,mccain_08,VA,42094550.71,46.33,908580.8484783078,Republican,Republican,1
1035,2008,mccain_08,FL,10521466.81,48.22,218197.15491497304,Republican,Republican,1
1036,2008,mccain_08,ME,32095.14,40.38,794.8276374442793,Republican,Republican,1
1037,2008,mccain_08,MO,308660.47000000003,49.43,6244.395508800324,Republican,Republican,1
1038,2008,mccain_08,WY,17751.06,64.78,274.0206853967274,Republican,Republican,1
1039,2008,mccain_08,NJ,882151.71,41.7,21154.717266187046,Republican,Republican,1
1040,2008,mccain_08,PA,1626606.9,44.17,36826.05614670591,Republican,Republican,1
1041,2008,mccain_08,MN,955368.5,43.82,21802.110908261067,Republican,Republican,1
1042,2008,mccain_08,ND,953.0,53.25,17.896713615023476,Republican,Republican,1
1043,2008,mccain_08,WV,7685.2,55.71,137.95009872554297,Republican,Republican,1
1044,2008,mccain_08,KS,599401.01,56.61,10588.25313548843,Republican,Republican,1
1045,2008,mccain_08,CT,289451.76,38.22,7573.30612244898,Republican,Republican,1
1046,2008,mccain_08,AZ,6751467.09,53.64,125866.27684563758,Republican,Republican,1
1047,2008,mccain_08,MD,54065673.29,36.47,1482469.791335344,Republican,Republican,1
1048,2008,mccain_08,MS,393323.94000000006,56.18,7001.138127447492,Republican,Republican,1
1049,2008,mccain_08,WI,303735.31,42.31,7178.806665090995,Republican,Republican,1
1050,2008,mccain_08,GA,306776.55,52.2,5876.94540229885,Republican,Republican,1
1051,2008,mccain_08,IL,1044450.3,36.78,28397.234910277326,Republican,Republican,1
1052,2008,mccain_08,AL,646037.84,60.32,10710.176392572943,Republican,Republican,1
1053,2008,mccain_08,CO,505881.01,44.71,11314.717289197048,Republican,Republican,1
1054,2008,mccain_08,RI,6675.7,35.06,190.40787221905305,Republican,Republican,1
1055,2008,mccain_08,UT,917769.87,62.58,14665.546021093001,Republican,Republican,1
1056,2008,mccain_08,IA,173365.25,44.39,3905.502365397612,Republican,Republican,1
1057,2008,mccain_08,TN,346644.08,56.9,6092.16309314587,Republican,Republican,1
1058,2008,mccain_08,NC,170606.89999999994,49.38,3454.9797488861873,Republican,Republican,1
1059,2008,mccain_08,KY,59927.14,57.4,1044.0268292682927,Republican,Republican,1
1060,2008,mccain_08,OK,213280.3,65.65,3248.7479055597864,Republican,Republican,1
1061,2008,mccain_08,MT,297.42,49.51,6.0072712583316505,Republican,Republican,1
1062,2008,mccain_08,ID,14970.0,61.52,243.33550065019506,Republican,Republican,1
1063,2008,mccain_08,HI,3726.0,26.58,140.18058690744923,Republican,Republican,1
1064,2008,mccain_08,SD,12475.0,53.16,234.6689240030098,Republican,Republican,1
1065,2008,mccain_08,SC,172983.95,53.87,3211.136996472991,Republican,Republican,1
1066,2008,mccain_08,AR,11562.0,58.72,196.90054495912807,Republican,Republican,1
1067,2008,mccain_08,NE,20352.6,56.53,360.03184150008843,Republican,Republican,1
1068,2008,mccain_08,DE,243293.22000000003,36.95,6584.390257104195,Republican,Republican,1
1069,2008,mccain_08,NM,1190118.38,41.78,28485.360938247963,Republican,Republican,1
1070,2008,mccain_08,AK,320251.73000000004,59.42,5389.628576236958,Republican,Republican,1
1071,2012,obama_12,OH,7675536.6,50.67,151480.88809946712,Democratic,Democratic,0
1072,2012,obama_12,DC,276224258.79999995,90.91,3038436.4624353754,Democratic,Democratic,0
1073,2012,obama_12,CA,12542183.0,60.24,208203.5690571049,Democratic,Democratic,0
1074,2012,obama_12,OR,185593.26,54.24,3421.7046460176994,Democratic,Democratic,0
1075,2012,obama_12,MA,1761311.6,60.65,29040.58697444353,Democratic,Democratic,0
1076,2012,obama_12,NV,2323576.8200000003,52.36,44376.94461420933,Democratic,Democratic,0
1077,2012,obama_12,WA,2254901.07,56.16,40151.37232905983,Democratic,Democratic,0
1078,2012,obama_12,LA,68217.39,40.58,1681.0593888615083,Democratic,Democratic,0
1079,2012,obama_12,TX,4523972.22,41.38,109327.50652489124,Democratic,Democratic,0
1080,2012,obama_12,IN,137630.98,43.93,3132.961074436604,Democratic,Democratic,0
1081,2012,obama_12,NY,3353719.17,63.35,52939.529123914755,Democratic,Democratic,0
1082,2012,obama_12,MI,685529.4099999999,54.21,12645.810920494372,Democratic,Democratic,0
1083,2012,obama_12,VT,34860.7,66.57,523.6698212407991,Democratic,Democratic,0
1084,2012,obama_12,NH,816696.05,51.98,15711.736244709506,Democratic,Democratic,0
1085,2012,obama_12,VA,6196084.19,51.16,121111.8879984363,Democratic,Democratic,0
1086,2012,obama_12,FL,19362853.95,50.01,387179.64307138574,Democratic,Democratic,0
1087,2012,obama_12,ME,99241.08,56.27,1763.6587879864937,Democratic,Democratic,0
1088,2012,obama_12,MO,8311434.590000002,44.38,187278.83258224427,Democratic,Democratic,0
1089,2012,obama_12,WY,20408.53,27.82,733.5920201294033,Democratic,Democratic,0
1090,2012,obama_12,NJ,697006.7,58.38,11939.1349777321,Democratic,Democratic,0
1091,2012,obama_12,PA,2243462.26,51.97,43168.4098518376,Democratic,Democratic,0
1092,2012,obama_12,MN,686460.6300000001,52.65,13038.188603988607,Democratic,Democratic,0
1093,2012,obama_12,ND,3435.0,38.69,88.78263117084518,Democratic,Democratic,0
1094,2012,obama_12,WV,14578.35,35.54,410.19555430500844,Democratic,Democratic,0
1095,2012,obama_12,KS,46755.92,37.99,1230.7428270597525,Democratic,Democratic,0
1096,2012,obama_12,CT,148414.28,58.06,2556.222528418877,Democratic,Democratic,0
1097,2012,obama_12,AZ,1689550.6,44.59,37890.79614263288,Democratic,Democratic,0
1098,2012,obama_12,MD,2463697.24,61.97,39756.28917218009,Democratic,Democratic,0
1099,2012,obama_12,MS,19581.89,43.79,447.17720940854076,Democratic,Democratic,0
1100,2012,obama_12,WI,2434217.06,52.83,46076.4160514859,Democratic,Democratic,0
1101,2012,obama_12,GA,1244439.72,45.48,27362.350923482853,Democratic,Democratic,0
1102,2012,obama_12,IL,22403714.46,57.6,388953.37604166666,Democratic,Democratic,0
1103,2012,obama_12,AL,54101.26,38.36,1410.3561001042754,Democratic,Democratic,0
1104,2012,obama_12,CO,3692971.3,51.49,71722.10720528258,Democratic,Democratic,0
1105,2012,obama_12,RI,245613.71,62.7,3917.2840510366823,Democratic,Democratic,0
1106,2012,obama_12,UT,96069.57,24.75,3881.5987878787882,Democratic,Democratic,0
1107,2012,obama_12,IA,4024947.0100000007,51.99,77417.71513752645,Democratic,Democratic,0
1108,2012,obama_12,TN,126002.55,39.08,3224.2208290685776,Democratic,Democratic,0
1109,2012,obama_12,NC,2682101.5700000003,48.35,55472.62812823165,Democratic,Democratic,0
1110,2012,obama_12,KY,70282.51000000001,37.8,1859.3256613756619,Democratic,Democratic,0
1111,2012,obama_12,OK,432850.5,33.23,13025.895275353598,Democratic,Democratic,0
1112,2012,obama_12,MT,21563.91,41.7,517.1201438848921,Democratic,Democratic,0
1113,2012,obama_12,ID,26443.59,32.62,810.6557326793379,Democratic,Democratic,0
1114,2012,obama_12,HI,37411.75,70.55,530.2870304748405,Democratic,Democratic,0
1115,2012,obama_12,SD,6238.0700000000015,39.87,156.4602457988463,Democratic,Democratic,0
1116,2012,obama_12,SC,272491.14,44.09,6180.3388523474705,Democratic,Democratic,0
1117,2012,obama_12,AR,100554.61,36.88,2726.534978308026,Democratic,Democratic,0
1118,2012,obama_12,NE,311322.95,38.03,8186.246384433342,Democratic,Democratic,0
1119,2012,obama_12,DE,61767.79000000001,58.61,1053.8780071660128,Democratic,Democratic,0
1120,2012,obama_12,NM,319824.7,52.99,6035.567088129836,Democratic,Democratic,0
1121,2012,obama_12,AK,23794.41,40.81,583.0534182798333,Democratic,Democratic,0
1122,2012,romney_12,OH,651123.09,47.69,13653.241560075487,Republican,Republican,1
1123,2012,romney_12,DC,755554.47,7.28,103784.95467032967,Republican,Republican,1
1124,2012,romney_12,CA,4530716.33,37.12,122055.93561422414,Republican,Republican,1
1125,2012,romney_12,OR,5900.01,42.15,139.97651245551603,Republican,Republican,1
1126,2012,romney_12,MA,161031260.24,37.51,4293022.133830979,Republican,Republican,1
1127,2012,romney_12,NV,166766.52000000002,45.68,3650.755691768827,Republican,Republican,1
1128,2012,romney_12,WA,370713.78,41.29,8978.2945023008,Republican,Republican,1
1129,2012,romney_12,LA,82954.1,57.78,1435.6888196607824,Republican,Republican,1
1130,2012,romney_12,TX,2497202.92,57.17,43680.30295609585,Republican,Republican,1
1131,2012,romney_12,IN,72870.94,54.13,1346.2209495658599,Republican,Republican,1
1132,2012,romney_12,NY,773481.48,35.17,21992.64941711686,Republican,Republican,1
1133,2012,romney_12,MI,242410.31,44.71,5421.836501901141,Republican,Republican,1
1134,2012,romney_12,VT,9326.96,30.97,301.16112366806584,Republican,Republican,1
1135,2012,romney_12,NH,8002547.84,46.4,172468.70344827586,Republican,Republican,1
1136,2012,romney_12,VA,17934630.83,47.28,379328.06324027065,Republican,Republican,1
1137,2012,romney_12,FL,7375548.83,49.13,150123.11886830855,Republican,Republican,1
1138,2012,romney_12,ME,3242.8,40.98,79.13128355295267,Republican,Republican,1
1139,2012,romney_12,MO,7729573.66,53.76,143779.27194940476,Republican,Republican,1
1140,2012,romney_12,WY,9725.0,68.64,141.68123543123542,Republican,Republican,1
1141,2012,romney_12,NJ,1454411.6,40.59,35831.77137225918,Republican,Republican,1
1142,2012,romney_12,PA,1004177.99,46.59,21553.50912212921,Republican,Republican,1
1143,2012,romney_12,MN,8084858.58,44.96,179823.36699288257,Republican,Republican,1
1144,2012,romney_12,ND,1500.0,58.32,25.720164609053498,Republican,Republican,1
1145,2012,romney_12,WV,1212.13,62.3,19.45634028892456,Republican,Republican,1
1146,2012,romney_12,KS,18045.09,59.71,302.21219226260257,Republican,Republican,1
1147,2012,romney_12,CT,226428.71,40.73,5559.261232506752,Republican,Republican,1
1148,2012,romney_12,AZ,488791.54,53.65,9110.746318732525,Republican,Republican,1
1149,2012,romney_12,MD,668185.53,35.9,18612.410306406688,Republican,Republican,1
1150,2012,romney_12,MS,11258.19,55.29,203.62072707542052,Republican,Republican,1
1151,2012,romney_12,WI,308076.93000000005,45.89,6713.378295925039,Republican,Republican,1
1152,2012,romney_12,GA,1201358.79,53.3,22539.564540337713,Republican,Republican,1
1153,2012,romney_12,IL,1728341.11,40.73,42434.10532776824,Republican,Republican,1
1154,2012,romney_12,AL,26691.81,60.55,440.82262592898434,Republican,Republican,1
1155,2012,romney_12,CO,250937.28000000003,46.13,5439.784955560373,Republican,Republican,1
1156,2012,romney_12,RI,25347.900000000005,35.24,719.2934165720773,Republican,Republican,1
1157,2012,romney_12,UT,181778.66000000003,72.79,2497.3026514631133,Republican,Republican,1
1158,2012,romney_12,IA,1602982.87,46.18,34711.62559549589,Republican,Republican,1
1159,2012,romney_12,TN,960171.7,59.48,16142.765635507734,Republican,Republican,1
1160,2012,romney_12,NC,179253.60000000003,50.39,3557.3248660448508,Republican,Republican,1
1161,2012,romney_12,KY,142479.09,60.49,2355.41560588527,Republican,Republican,1
1162,2012,romney_12,OK,39607.76,66.77,593.1969447356598,Republican,Republican,1
1163,2012,romney_12,MT,20407.66,55.35,368.70207768744353,Republican,Republican,1
1164,2012,romney_12,ID,21780.62,64.53,337.5270416860375,Republican,Republican,1
1165,2012,romney_12,HI,2500.0,27.84,89.79885057471265,Republican,Republican,1
1166,2012,romney_12,SD,4085.3,57.89,70.57004664017965,Republican,Republican,1
1167,2012,romney_12,SC,41234.12,54.56,755.7573313782991,Republican,Republican,1
1168,2012,romney_12,AR,14224.41,60.57,234.84249628528974,Republican,Republican,1
1169,2012,romney_12,NE,19679.29,59.8,329.08511705685623,Republican,Republican,1
1170,2012,romney_12,DE,8347.3,39.98,208.78689344672335,Republican,Republican,1
1171,2012,romney_12,NM,428825.12,42.84,10009.923436041083,Republican,Republican,1
1172,2012,romney_12,AK,2714.12,54.8,49.527737226277374,Republican,Republican,1
1173,2016,clinton_16,OH,180247.79,43.56,4137.919880624426,Democratic,Democratic,0
1174,2016,clinton_16,DC,234008603.51,90.48,2586301.9839743585,Democratic,Democratic,0
1175,2016,clinton_16,CA,7846179.0,61.73,127104.79507532805,Democratic,Democratic,0
1176,2016,clinton_16,OR,111797.94,50.07,2232.8328340323546,Democratic,Democratic,0
1177,2016,clinton_16,MA,718856.38,60.01,11978.94317613731,Democratic,Democratic,0
1178,2016,clinton_16,NV,599851.0700000001,47.5,12628.44357894737,Democratic,Democratic,0
1179,2016,clinton_16,WA,6110137.38,52.54,116294.96345641416,Democratic,Democratic,0
1180,2016,clinton_16,LA,19562.84,38.45,508.78647594278283,Democratic,Democratic,0
1181,2016,clinton_16,TX,2125416.0500000003,43.24,49153.9327012026,Democratic,Democratic,0
1182,2016,clinton_16,IN,124110.31,37.91,3273.8145608018995,Democratic,Democratic,0
1183,2016,clinton_16,NY,26586058.64,59.01,450534.8015590578,Democratic,Democratic,0
1184,2016,clinton_16,MI,242493.71,47.27,5129.970594457372,Democratic,Democratic,0
1185,2016,clinton_16,VT,11808.05,56.68,208.32833450952717,Democratic,Democratic,0
1186,2016,clinton_16,NH,124181.03,46.98,2643.274372073223,Democratic,Democratic,0
1187,2016,clinton_16,VA,932065.7,49.73,18742.52362758898,Democratic,Democratic,0
1188,2016,clinton_16,FL,12017874.31,47.82,251314.8120033459,Democratic,Democratic,0
1189,2016,clinton_16,ME,52000.91,47.83,1087.202801588961,Democratic,Democratic,0
1190,2016,clinton_16,MO,665110.1799999999,38.14,17438.651809124276,Democratic,Democratic,0
1191,2016,clinton_16,WY,17277.33,21.63,798.7669902912622,Democratic,Democratic,0
1192,2016,clinton_16,NJ,22073381.340000004,55.45,398077.2108205591,Democratic,Democratic,0
1193,2016,clinton_16,PA,1398770.2799999998,47.46,29472.614412136532,Democratic,Democratic,0
1194,2016,clinton_16,MN,165939.41999999998,46.44,3573.2002583979324,Democratic,Democratic,0
1195,2016,clinton_16,ND,6019.67,27.23,221.06757253029747,Democratic,Democratic,0
1196,2016,clinton_16,WV,17795.76,26.43,673.316685584563,Democratic,Democratic,0
1197,2016,clinton_16,KS,33587.53,36.05,931.6929264909847,Democratic,Democratic,0
1198,2016,clinton_16,CT,2692186.32,54.57,49334.548653106096,Democratic,Democratic,0
1199,2016,clinton_16,AZ,73763.37,45.13,1634.464214491469,Democratic,Democratic,0
1200,2016,clinton_16,MD,975726.35,60.33,16173.153489143047,Democratic,Democratic,0
1201,2016,clinton_16,MS,18611.18,40.11,464.00349040139616,Democratic,Democratic,0
1202,2016,clinton_16,WI,119184.06,46.45,2565.8570505920343,Democratic,Democratic,0
1203,2016,clinton_16,GA,1105016.12,45.64,24211.57142857143,Democratic,Democratic,0
1204,2016,clinton_16,IL,2400329.36,55.83,42993.54039047107,Democratic,Democratic,0
1205,2016,clinton_16,AL,709062.56,34.36,20636.27939464494,Democratic,Democratic,0
1206,2016,clinton_16,CO,1709328.97,48.16,35492.71117109635,Democratic,Democratic,0
1207,2016,clinton_16,RI,1738970.25,54.41,31960.48979966918,Democratic,Democratic,0
1208,2016,clinton_16,UT,486654.86,27.46,17722.3182811362,Democratic,Democratic,0
1209,2016,clinton_16,IA,601261.9700000001,41.74,14404.934595112603,Democratic,Democratic,0
1210,2016,clinton_16,TN,172756.87,34.72,4975.716301843318,Democratic,Democratic,0
1211,2016,clinton_16,NC,419322.21,46.17,9082.135802469136,Democratic,Democratic,0
1212,2016,clinton_16,KY,29904.78,32.68,915.078947368421,Democratic,Democratic,0
1213,2016,clinton_16,OK,63167.7,28.93,2183.4669892844795,Democratic,Democratic,0
1214,2016,clinton_16,MT,6638.01,35.75,185.67860139860142,Democratic,Democratic,0
1215,2016,clinton_16,ID,9262.2,27.49,336.92979265187347,Democratic,Democratic,0
1216,2016,clinton_16,HI,28655.54,62.22,460.551912568306,Democratic,Democratic,0
1217,2016,clinton_16,SD,6061.3899999999985,31.74,190.97006931316946,Democratic,Democratic,0
1218,2016,clinton_16,SC,57569.94,40.67,1415.5382345709368,Democratic,Democratic,0
1219,2016,clinton_16,AR,11108731.46,33.65,330125.7491827638,Democratic,Democratic,0
1220,2016,clinton_16,NE,34926.32,33.7,1036.3893175074184,Democratic,Democratic,0
1221,2016,clinton_16,DE,35281.119999999995,53.09,664.5530231682048,Democratic,Democratic,0
1222,2016,clinton_16,NM,29863.860000000004,48.26,618.8118524658103,Democratic,Democratic,0
1223,2016,clinton_16,AK,20020.76,36.55,547.7636114911081,Democratic,Democratic,0
1224,2016,trump_16,OH,3151213.9399999995,51.69,60963.7055523312,Republican,Republican,1
1225,2016,trump_16,DC,3838416.86,4.07,943099.9656019656,Republican,Republican,1
1226,2016,trump_16,CA,4583087.180000002,31.62,144942.6685641999,Republican,Republican,1
1227,2016,trump_16,OR,161352.55,39.09,4127.719365566641,Republican,Republican,1
1228,2016,trump_16,MA,1711279.13,32.81,52157.242608960674,Republican,Republican,1
1229,2016,trump_16,NV,891343.5700000002,45.98,19385.462592431497,Republican,Republican,1
1230,2016,trump_16,WA,533145.5800000001,36.83,14475.850665218575,Republican,Republican,1
1231,2016,trump_16,LA,9985413.88,58.09,171895.57376484765,Republican,Republican,1
1232,2016,trump_16,TX,85406975.47000001,52.23,1635209.1799731958,Republican,Republican,1
1233,2016,trump_16,IN,367231.4,56.82,6463.0658218937,Republican,Republican,1
1234,2016,trump_16,NY,13165455.8,36.52,360499.88499452354,Republican,Republican,1
1235,2016,trump_16,MI,764930.2,47.5,16103.793684210525,Republican,Republican,1
1236,2016,trump_16,VT,33988.61,30.27,1122.8480343574497,Republican,Republican,1
1237,2016,trump_16,NH,8304129.41,46.61,178161.96974898092,Republican,Republican,1
1238,2016,trump_16,VA,88679594.57999998,44.41,1996838.4278315692,Republican,Republican,1
1239,2016,trump_16,FL,7553505.760000002,49.02,154090.28478172177,Republican,Republican,1
1240,2016,trump_16,ME,84886.58,44.87,1891.8337419211055,Republican,Republican,1
1241,2016,trump_16,MO,8619259.379999999,56.77,151827.71499031177,Republican,Republican,1
1242,2016,trump_16,WY,149333.0,67.4,2215.6231454005933,Republican,Republican,1
1243,2016,trump_16,NJ,18829931.91,41.35,455379.24812575575,Republican,Republican,1
1244,2016,trump_16,PA,1171225.41,48.18,24309.36924034869,Republican,Republican,1
1245,2016,trump_16,MN,50013.22,44.92,1113.3842386464826,Republican,Republican,1
1246,2016,trump_16,ND,15700.0,62.96,249.3646759847522,Republican,Republican,1
1247,2016,trump_16,WV,18901.33,68.5,275.93182481751825,Republican,Republican,1
1248,2016,trump_16,KS,264361.31,56.65,4666.572109443954,Republican,Republican,1
1249,2016,trump_16,CT,799705.53,40.93,19538.371121426826,Republican,Republican,1
1250,2016,trump_16,AZ,1665401.98,48.67,34218.24491473187,Republican,Republican,1
1251,2016,trump_16,MD,398215.5800000001,33.91,11743.308168681808,Republican,Republican,1
1252,2016,trump_16,MS,142560.62,57.94,2460.4870555747325,Republican,Republican,1
1253,2016,trump_16,WI,678821.32,47.22,14375.716221939856,Republican,Republican,1
1254,2016,trump_16,GA,1089772.9400000002,50.77,21464.89935000985,Republican,Republican,1
1255,2016,trump_16,IL,856466.7999999998,38.76,22096.666666666664,Republican,Republican,1
1256,2016,trump_16,AL,208963.88,62.08,3366.041881443299,Republican,Republican,1
1257,2016,trump_16,CO,628876.04,43.25,14540.48647398844,Republican,Republican,1
1258,2016,trump_16,RI,20874.59,38.9,536.621850899743,Republican,Republican,1
1259,2016,trump_16,UT,131448.93,45.54,2886.449934123847,Republican,Republican,1
1260,2016,trump_16,IA,1152464.29,51.15,22531.071163245357,Republican,Republican,1
1261,2016,trump_16,TN,506555.2400000001,60.72,8342.47760210804,Republican,Republican,1
1262,2016,trump_16,NC,1165267.36,49.83,23384.855709412004,Republican,Republican,1
1263,2016,trump_16,KY,110598.94,62.52,1769.0169545745362,Republican,Republican,1
1264,2016,trump_16,OK,82536.91,65.32,1263.5779240661361,Republican,Republican,1
1265,2016,trump_16,MT,35457.26,56.17,631.2490653373687,Republican,Republican,1
1266,2016,trump_16,ID,52647.55,59.26,888.416301046237,Republican,Republican,1
1267,2016,trump_16,HI,16641.75,30.03,554.1708291708292,Republican,Republican,1
1268,2016,trump_16,SD,18099.99,61.53,294.1652852267187,Republican,Republican,1
1269,2016,trump_16,SC,293358.74,54.94,5339.620313068803,Republican,Republican,1
1270,2016,trump_16,AR,102698.51,60.57,1695.5342578834407,Republican,Republican,1
1271,2016,trump_16,NE,127280.3,58.75,2166.473191489362,Republican,Republican,1
1272,2016,trump_16,DE,192049.83,41.72,4603.303691275168,Republican,Republican,1
1273,2016,trump_16,NM,150740.62,40.04,3764.7507492507493,Republican,Republican,1
1274,2016,trump_16,AK,31184.870000000006,51.28,608.129290171607,Republican,Republican,1
1275,2016,johnson_16,OH,14235.72,3.17,4490.763406940063,Libertarian,Third,2
1276,2016,johnson_16,DC,472931.15,1.57,301230.03184713377,Libertarian,Third,2
1277,2016,johnson_16,CA,1855062.78,3.37,550463.7329376854,Libertarian,Third,2
1278,2016,johnson_16,OR,26074.41,4.71,5535.968152866242,Libertarian,Third,2
1279,2016,johnson_16,MA,59000.12,4.15,14216.896385542168,Libertarian,Third,2
1280,2016,johnson_16,NV,121069.33,3.29,36799.18844984802,Libertarian,Third,2
1281,2016,johnson_16,WA,21852.62,4.85,4505.694845360825,Libertarian,Third,2
1282,2016,johnson_16,LA,640.0,1.87,342.24598930481284,Libertarian,Third,2
1283,2016,johnson_16,TX,167441.22,3.16,52987.72784810126,Libertarian,Third,2
1284,2016,johnson_16,IN,14483.7,4.89,2961.901840490798,Libertarian,Third,2
1285,2016,johnson_16,NY,49049.83,2.29,21419.139737991267,Libertarian,Third,2
1286,2016,johnson_16,MI,12061.169999999998,3.59,3359.6573816155988,Libertarian,Third,2
1287,2016,johnson_16,VT,28623.99,3.2,8944.996875,Libertarian,Third,2
1288,2016,johnson_16,NH,12532.88,4.15,3019.971084337349,Libertarian,Third,2
1289,2016,johnson_16,VA,464586.4,2.97,156426.3973063973,Libertarian,Third,2
1290,2016,johnson_16,FL,394957.82,2.2,179526.2818181818,Libertarian,Third,2
1291,2016,johnson_16,ME,11697.0,5.09,2298.0353634577605,Libertarian,Third,2
1292,2016,johnson_16,MO,6004.23,3.47,1730.3256484149854,Libertarian,Third,2
1295,2016,johnson_16,PA,35433.49,2.38,14888.02100840336,Libertarian,Third,2
1296,2016,johnson_16,MN,3098.53,3.84,806.9088541666667,Libertarian,Third,2
1298,2016,johnson_16,WV,2500.0,3.22,776.3975155279503,Libertarian,Third,2
1299,2016,johnson_16,KS,379.93,4.68,81.18162393162393,Libertarian,Third,2
1300,2016,johnson_16,CT,10328.63,2.96,3489.4020270270266,Libertarian,Third,2
1301,2016,johnson_16,AZ,289152.58,4.13,70012.73123486683,Libertarian,Third,2
1302,2016,johnson_16,MD,10910.02,2.86,3814.692307692308,Libertarian,Third,2
1303,2016,johnson_16,MS,2500.0,1.19,2100.840336134454,Libertarian,Third,2
1304,2016,johnson_16,WI,36688.16,3.58,10248.089385474861,Libertarian,Third,2
1305,2016,johnson_16,GA,82712.34999999999,3.05,27118.803278688523,Libertarian,Third,2
1306,2016,johnson_16,IL,38434.88,3.79,10141.129287598944,Libertarian,Third,2
1307,2016,johnson_16,AL,8449.83,2.09,4042.9808612440193,Libertarian,Third,2
1308,2016,johnson_16,CO,66449.63,5.18,12828.113899613902,Libertarian,Third,2
1309,2016,johnson_16,RI,758.51,3.18,238.5251572327044,Libertarian,Third,2
1310,2016,johnson_16,UT,6993380.519999999,3.5,1998108.7199999995,Libertarian,Third,2
1311,2016,johnson_16,IA,30135.89,3.78,7972.457671957673,Libertarian,Third,2
1312,2016,johnson_16,TN,2000.0,2.81,711.7437722419928,Libertarian,Third,2
1313,2016,johnson_16,NC,54192.12,2.74,19778.14598540146,Libertarian,Third,2
1314,2016,johnson_16,KY,4417.06,2.79,1583.1756272401435,Libertarian,Third,2
1315,2016,johnson_16,OK,5971.44,5.75,1038.5113043478261,Libertarian,Third,2
1316,2016,johnson_16,MT,3348.93,5.64,593.781914893617,Libertarian,Third,2
1317,2016,johnson_16,ID,1038.74,4.1,253.35121951219514,Libertarian,Third,2
1318,2016,johnson_16,HI,14910.29,3.72,4008.1424731182797,Libertarian,Third,2
1319,2016,johnson_16,SD,3529.94,5.63,626.98756660746,Libertarian,Third,2
1320,2016,johnson_16,SC,4500.0,2.34,1923.076923076923,Libertarian,Third,2
1322,2016,johnson_16,NE,26884.89,4.61,5831.863340563991,Libertarian,Third,2
1324,2016,johnson_16,NM,113618.69,9.34,12164.741970021414,Libertarian,Third,2
1325,2016,johnson_16,AK,12191.3,5.88,2073.3503401360545,Libertarian,Third,2
1326,2016,stein_16,OH,3520.0,0.84,4190.476190476191,Green,Third,2
1327,2016,stein_16,DC,3759.35,1.36,2764.2279411764703,Green,Third,2
1328,2016,stein_16,CA,203579.14,1.96,103866.90816326531,Green,Third,2
1329,2016,stein_16,OR,10669.25,2.5,4267.7,Green,Third,2
1330,2016,stein_16,MA,66372.3,1.43,46414.195804195806,Green,Third,2
1331,2016,stein_16,NV,1138.4,3.23,352.44582043343655,Green,Third,2
1332,2016,stein_16,WA,18140.13,1.76,10306.892045454546,Green,Third,2
1334,2016,stein_16,TX,60531.39,0.8,75664.23749999999,Green,Third,2
1336,2016,stein_16,NY,165369.9,1.4,118121.35714285714,Green,Third,2
1337,2016,stein_16,MI,3310.0,1.07,3093.4579439252334,Green,Third,2
1339,2016,stein_16,NH,1381.33,0.88,1569.6931818181818,Green,Third,2
1340,2016,stein_16,VA,6073.51,0.69,8802.188405797102,Green,Third,2
1341,2016,stein_16,FL,1899.45,0.68,2793.3088235294117,Green,Third,2
1342,2016,stein_16,ME,7175.0,1.91,3756.5445026178013,Green,Third,2
1343,2016,stein_16,MO,36713.54,0.91,40344.54945054945,Green,Third,2
1345,2016,stein_16,NJ,2116.82,0.98,2160.0204081632655,Green,Third,2
1346,2016,stein_16,PA,24968.78,0.81,30825.65432098765,Green,Third,2
1347,2016,stein_16,MN,1327.88,1.26,1053.873015873016,Green,Third,2
1348,2016,stein_16,ND,2500.0,1.1,2272.7272727272725,Green,Third,2
1351,2016,stein_16,CT,3472.95,1.39,2498.5251798561153,Green,Third,2
1352,2016,stein_16,AZ,47729.16,1.33,35886.58646616541,Green,Third,2
1353,2016,stein_16,MD,7317.79,1.29,5672.705426356589,Green,Third,2
1355,2016,stein_16,WI,127647.88,1.04,122738.34615384616,Green,Third,2
1356,2016,stein_16,GA,37033.6,0.19,194913.68421052632,Green,Third,2
1357,2016,stein_16,IL,32182.34,1.39,23152.76258992806,Green,Third,2
1358,2016,stein_16,AL,175.82,0.44,399.59090909090907,Green,Third,2
1359,2016,stein_16,CO,11775.81,1.38,8533.195652173914,Green,Third,2
1361,2016,stein_16,UT,60.0,0.83,72.28915662650603,Green,Third,2
1362,2016,stein_16,IA,400.0,0.73,547.945205479452,Green,Third,2
1363,2016,stein_16,TN,30375.56,0.64,47461.8125,Green,Third,2
1364,2016,stein_16,NC,20362.45,0.26,78317.11538461539,Green,Third,2
1365,2016,stein_16,KY,927.5,0.72,1288.1944444444446,Green,Third,2
1366,2016,stein_16,OK,8136.2,37.08,219.42286947141318,Green,Third,2
1371,2016,stein_16,SC,7064.31,0.62,11394.048387096775,Green,Third,2
1375,2016,stein_16,NM,9642.0,1.24,7775.806451612903,Green,Third,2
